session_id,start_time,end_time,duration,active_time,idle_time,mouse_clicks,keyboard_events,scroll_events,mouse_distance,app_switches,application_count,focus_index,continuity_index,interaction_stability,fragmentation_index,activity_density,behavior_class,is_demo,anomaly_score,is_anomaly,created_at
DEMO-1001,2026-09-05 10:36:31,2026-09-05 11:02:45,1574,294.4,1279.6,68,63,48,2345.4,2,2,18.7,59.03,59.17,100.0,36.48,IDLE,1,0.12,0,2026-09-05 11:02:45
DEMO-1002,2026-09-15 00:29:31,2026-09-15 00:57:30,1679,513.6,1165.4,28,60,36,2126.9,5,1,30.59,64.58,69.2,57.79,14.49,IDLE,1,0.12,0,2026-09-15 00:57:30
DEMO-1003,2026-09-13 03:51:31,2026-09-13 04:50:37,3546,1133.3,2412.7,50,23,56,602.7,5,1,31.96,65.66,72.29,53.7,6.83,IDLE,1,0.12,0,2026-09-13 04:50:37
DEMO-1004,2026-09-12 08:57:31,2026-09-12 10:09:26,4315,2594.4,1720.6,445,198,319,9798.6,41,6,60.13,77.78,84.19,20.28,22.25,FRAGMENTED WORK,1,0.28,0,2026-09-12 10:09:26
DEMO-1005,2026-09-11 16:57:31,2026-09-11 18:06:38,4147,2671.6,1475.4,354,584,231,11664.7,22,8,64.42,80.93,87.75,15.88,26.25,FRAGMENTED WORK,1,0.28,0,2026-09-11 18:06:38
DEMO-1006,2026-09-03 01:36:31,2026-09-03 02:35:48,3557,3357.6,199.4,677,2721,141,13382.1,3,2,94.39,97.0,81.95,1.81,63.24,DEEP WORK,1,0.12,0,2026-09-03 02:35:48
DEMO-1007,2026-09-11 23:32:31,2026-09-12 00:27:04,3273,685.4,2587.6,53,90,21,2294.9,5,2,20.94,60.11,55.34,94.83,14.36,IDLE,1,0.12,0,2026-09-12 00:27:04
DEMO-1008,2026-09-04 13:57:31,2026-09-04 14:55:34,3483,2280.9,1202.1,500,285,528,18582.1,20,4,65.49,81.39,88.94,15.38,34.54,EXPLORATION,1,0.12,0,2026-09-04 14:55:34
DEMO-1009,2026-09-12 05:54:31,2026-09-12 06:30:23,2152,1743.1,408.9,231,591,286,12272.5,17,4,81.0,88.62,86.69,8.92,38.14,NORMAL WORK,1,0.12,0,2026-09-12 06:30:23
DEMO-1010,2026-09-07 20:08:31,2026-09-07 21:38:09,5378,5139.0,239.0,557,2488,99,17371.6,8,2,95.56,97.42,80.88,1.75,36.71,DEEP WORK,1,0.12,0,2026-09-07 21:38:09
DEMO-1011,2026-09-03 11:18:31,2026-09-03 12:01:56,2605,1786.2,818.8,992,398,646,23311.4,16,5,68.57,82.81,85.71,13.86,68.39,EXPLORATION,1,0.12,0,2026-09-03 12:01:56
DEMO-1012,2026-09-03 12:50:31,2026-09-03 13:23:33,1982,1351.1,630.9,263,1045,189,9660.3,13,4,68.17,82.53,78.66,14.2,66.48,NORMAL WORK,1,0.12,0,2026-09-03 13:23:33
DEMO-1013,2026-09-03 19:19:31,2026-09-03 20:30:06,4235,3299.2,935.8,576,779,289,13652.7,9,4,77.9,88.43,93.13,7.93,29.9,NORMAL WORK,1,0.12,0,2026-09-03 20:30:06
DEMO-1014,2026-09-07 11:10:31,2026-09-07 11:55:09,2678,2175.2,502.8,869,280,664,26836.3,17,4,81.22,89.09,86.96,8.25,50.01,EXPLORATION,1,0.12,0,2026-09-07 11:55:09
DEMO-1015,2026-09-11 01:17:31,2026-09-11 01:42:17,1486,628.7,857.3,670,270,348,16432.0,27,6,42.31,66.8,74.24,41.12,122.92,FRAGMENTED WORK,1,0.28,0,2026-09-11 01:42:17
DEMO-1016,2026-09-16 05:42:31,2026-09-16 06:13:15,1844,1333.0,511.0,452,164,608,18166.1,19,6,72.29,83.66,87.5,13.61,55.09,EXPLORATION,1,0.12,0,2026-09-16 06:13:15
DEMO-1017,2026-09-04 16:22:31,2026-09-04 17:02:29,2398,1841.8,556.2,591,301,818,17269.0,28,5,76.81,85.61,90.08,12.1,55.71,EXPLORATION,1,0.12,0,2026-09-04 17:02:29
DEMO-1018,2026-09-11 12:17:31,2026-09-11 13:17:23,3592,2792.3,799.7,314,799,191,6059.5,10,3,77.74,88.19,85.55,8.26,28.02,NORMAL WORK,1,0.12,0,2026-09-11 13:17:23
DEMO-1019,2026-09-16 18:38:31,2026-09-16 20:09:17,5446,5089.7,356.3,621,2310,145,15258.5,6,3,93.46,96.45,82.65,2.2,36.26,DEEP WORK,1,0.12,0,2026-09-16 20:09:17
DEMO-1020,2026-09-05 22:25:31,2026-09-05 23:19:33,3242,757.4,2484.6,44,14,11,1158.0,5,1,23.36,61.32,54.15,82.49,5.47,IDLE,1,0.12,0,2026-09-05 23:19:33
DEMO-1021,2026-09-16 17:32:31,2026-09-16 18:28:52,3381,2799.2,581.8,552,392,221,5435.6,18,4,82.79,90.11,92.98,7.27,24.97,NORMAL WORK,1,0.12,0,2026-09-16 18:28:52
DEMO-1022,2026-09-15 08:37:31,2026-09-15 09:12:44,2113,645.0,1468.0,55,20,52,2225.6,3,2,30.53,64.91,68.84,57.4,11.81,IDLE,1,0.12,0,2026-09-15 09:12:44
DEMO-1023,2026-09-04 11:42:31,2026-09-04 12:26:45,2654,425.5,2228.5,43,32,37,569.4,4,2,16.03,57.66,57.08,100.0,15.79,IDLE,1,0.12,0,2026-09-04 12:26:45
DEMO-1024,2026-09-06 23:12:31,2026-09-06 23:43:18,1847,191.4,1655.6,43,38,10,1362.3,2,2,10.36,54.94,58.37,100.0,28.53,IDLE,1,0.12,0,2026-09-06 23:43:18
DEMO-1025,2026-09-12 21:33:31,2026-09-12 21:49:08,937,283.4,653.6,48,66,11,2341.0,2,2,30.25,64.6,72.39,58.3,26.46,IDLE,1,0.12,0,2026-09-12 21:49:08
DEMO-1026,2026-09-04 19:12:31,2026-09-04 20:26:02,4411,3655.1,755.9,438,1198,211,10448.7,13,5,82.86,90.71,85.13,6.34,30.32,NORMAL WORK,1,0.12,0,2026-09-04 20:26:02
DEMO-1027,2026-09-09 22:36:31,2026-09-09 23:39:43,3792,3054.7,737.3,597,835,253,8712.1,12,5,80.56,89.52,92.86,7.27,33.1,NORMAL WORK,1,0.12,0,2026-09-09 23:39:43
DEMO-1028,2026-09-03 16:56:31,2026-09-03 17:41:01,2670,1157.8,1512.2,446,222,278,13518.9,31,8,43.36,68.88,78.04,37.17,49.02,FRAGMENTED WORK,1,0.28,0,2026-09-03 17:41:01
DEMO-1029,2026-09-10 13:12:31,2026-09-10 14:00:25,2874,610.9,2263.1,35,13,16,1370.9,1,2,21.26,60.55,52.81,92.59,6.29,IDLE,1,0.12,0,2026-09-10 14:00:25
DEMO-1030,2026-09-07 18:22:31,2026-09-07 19:24:37,3726,2762.2,963.8,857,236,370,16780.6,18,5,74.13,85.91,83.03,10.6,31.78,EXPLORATION,1,0.12,0,2026-09-07 19:24:37
DEMO-1031,2026-09-03 11:02:31,2026-09-03 11:53:23,3052,2381.7,670.3,346,464,242,11582.7,16,4,78.04,87.78,93.02,9.05,26.5,NORMAL WORK,1,0.12,0,2026-09-03 11:53:23
DEMO-1032,2026-09-09 18:36:31,2026-09-09 19:08:57,1946,1392.4,553.6,298,861,188,8348.0,15,3,71.55,83.94,82.3,12.92,58.04,NORMAL WORK,1,0.12,0,2026-09-09 19:08:57
DEMO-1033,2026-09-12 07:11:31,2026-09-12 08:02:52,3081,748.3,2332.7,44,38,58,2105.4,5,1,24.29,61.75,67.33,78.48,11.23,IDLE,1,0.12,0,2026-09-12 08:02:52
DEMO-1034,2026-09-16 12:02:31,2026-09-16 13:32:03,5372,3891.1,1480.9,541,511,286,7411.5,18,5,72.43,85.41,95.0,10.81,20.63,NORMAL WORK,1,0.12,0,2026-09-16 13:32:03
DEMO-1035,2026-09-08 14:53:31,2026-09-08 15:10:11,1000,207.8,792.2,17,80,25,2489.3,4,1,20.78,59.43,46.07,96.41,35.23,IDLE,1,0.12,0,2026-09-08 15:10:11
DEMO-1036,2026-09-09 15:36:31,2026-09-09 17:30:07,6816,6589.9,226.1,918,2024,119,17045.4,2,2,96.68,98.26,88.77,0.99,27.87,DEEP WORK,1,0.12,0,2026-09-09 17:30:07
DEMO-1037,2026-09-11 22:44:31,2026-09-11 23:52:04,4053,2764.4,1288.6,689,377,664,24777.1,20,6,68.21,82.91,89.15,13.6,37.55,EXPLORATION,1,0.12,0,2026-09-11 23:52:04
DEMO-1038,2026-09-08 02:59:31,2026-09-08 04:18:17,4726,3388.8,1337.2,372,569,124,7241.5,15,3,71.71,85.09,90.02,11.1,18.86,NORMAL WORK,1,0.12,0,2026-09-08 04:18:17
DEMO-1039,2026-09-11 10:03:31,2026-09-11 10:47:17,2626,536.4,2089.6,58,19,17,1477.7,2,1,20.43,60.02,48.67,97.53,10.51,IDLE,1,0.12,0,2026-09-11 10:47:17
DEMO-1040,2026-09-05 12:40:31,2026-09-05 13:19:53,2362,1225.8,1136.2,374,578,161,17390.2,36,6,51.9,72.31,82.88,29.07,54.48,FRAGMENTED WORK,1,0.28,0,2026-09-05 13:19:53
DEMO-1041,2026-09-06 22:13:31,2026-09-06 23:04:42,3071,1373.5,1697.5,361,316,257,20342.8,40,5,44.72,69.24,84.18,35.94,40.8,FRAGMENTED WORK,1,0.28,0,2026-09-06 23:04:42
DEMO-1042,2026-09-11 06:32:31,2026-09-11 07:15:30,2579,2034.1,544.9,613,241,769,23077.3,21,4,78.87,87.47,89.18,9.88,47.87,EXPLORATION,1,0.12,0,2026-09-11 07:15:30
DEMO-1043,2026-09-06 06:02:31,2026-09-06 07:10:38,4087,2814.0,1273.0,705,139,395,13693.6,27,5,68.85,82.83,80.74,13.91,26.42,EXPLORATION,1,0.12,0,2026-09-06 07:10:38
DEMO-1044,2026-09-12 17:02:31,2026-09-12 18:28:11,5140,3971.6,1168.4,255,479,289,10048.6,15,4,77.27,87.91,90.03,8.52,15.45,NORMAL WORK,1,0.12,0,2026-09-12 18:28:11
DEMO-1045,2026-09-07 00:46:31,2026-09-07 01:42:08,3337,651.9,2685.1,79,64,38,1391.5,5,2,19.54,59.41,57.53,100.0,16.66,IDLE,1,0.12,0,2026-09-07 01:42:08
DEMO-1046,2026-09-03 01:33:31,2026-09-03 02:39:41,3970,2509.7,1460.3,551,214,323,20663.7,51,5,63.22,78.53,82.9,19.55,26.01,FRAGMENTED WORK,1,0.28,0,2026-09-03 02:39:41
DEMO-1047,2026-09-14 02:00:31,2026-09-14 03:01:17,3646,1953.6,1692.4,355,476,301,13015.3,40,7,53.58,74.15,86.42,25.94,34.77,FRAGMENTED WORK,1,0.28,0,2026-09-14 03:01:17
DEMO-1048,2026-09-14 14:18:31,2026-09-14 15:13:25,3294,933.3,2360.7,70,46,17,899.7,2,2,28.33,64.0,69.25,63.43,8.55,IDLE,1,0.12,0,2026-09-14 15:13:25
DEMO-1049,2026-09-14 08:22:31,2026-09-14 09:21:13,3522,381.0,3141.0,32,44,49,664.0,5,2,10.82,55.05,57.14,100.0,19.69,IDLE,1,0.12,0,2026-09-14 09:21:13
DEMO-1050,2026-09-05 08:02:31,2026-09-05 09:00:05,3454,1431.7,2022.3,388,549,251,11921.4,49,6,41.45,67.33,79.61,40.81,49.79,FRAGMENTED WORK,1,0.28,0,2026-09-05 09:00:05
DEMO-1051,2026-09-08 19:37:31,2026-09-08 20:02:50,1519,453.8,1065.2,26,60,31,2182.3,1,1,29.87,64.78,67.83,58.81,15.47,IDLE,1,0.12,0,2026-09-08 20:02:50
DEMO-1052,2026-09-15 05:02:31,2026-09-15 05:57:52,3321,2495.6,825.4,213,657,158,10016.8,13,3,75.15,86.66,83.15,9.76,24.72,NORMAL WORK,1,0.12,0,2026-09-15 05:57:52
DEMO-1053,2026-09-16 09:36:31,2026-09-16 10:12:47,2176,1658.6,517.4,465,683,160,6596.9,18,3,76.22,86.11,90.59,11.04,47.32,NORMAL WORK,1,0.12,0,2026-09-16 10:12:47
DEMO-1054,2026-09-05 10:26:31,2026-09-05 11:22:53,3382,1081.2,2300.8,27,35,59,1088.9,4,1,31.97,65.7,76.59,53.61,6.71,IDLE,1,0.12,0,2026-09-05 11:22:53
DEMO-1055,2026-09-12 04:40:31,2026-09-12 05:25:05,2674,2128.2,545.8,703,398,648,17725.4,15,6,79.59,88.44,91.32,8.62,49.31,EXPLORATION,1,0.12,0,2026-09-12 05:25:05
DEMO-1056,2026-09-08 07:12:31,2026-09-08 07:32:53,1222,181.2,1040.8,73,70,28,1077.1,2,1,14.83,57.02,59.48,100.0,56.62,IDLE,1,0.12,0,2026-09-08 07:32:53
DEMO-1057,2026-09-11 04:27:31,2026-09-11 05:29:59,3748,2883.9,864.1,229,943,141,6230.6,10,5,76.95,87.83,80.29,8.53,27.32,NORMAL WORK,1,0.12,0,2026-09-11 05:29:59
DEMO-1058,2026-09-05 04:43:31,2026-09-05 05:57:28,4437,2417.7,2019.3,525,556,310,20216.1,33,6,54.49,75.44,89.81,23.8,34.52,FRAGMENTED WORK,1,0.28,0,2026-09-05 05:57:28
DEMO-1059,2026-09-10 00:13:31,2026-09-10 01:12:32,3541,2891.3,649.7,323,473,214,8391.2,12,5,81.65,90.03,92.78,6.92,20.96,NORMAL WORK,1,0.12,0,2026-09-10 01:12:32
DEMO-1060,2026-09-14 15:24:31,2026-09-14 16:26:38,3727,2609.7,1117.3,400,829,128,12197.3,12,5,70.02,84.25,85.75,11.93,31.2,NORMAL WORK,1,0.12,0,2026-09-14 16:26:38
DEMO-1061,2026-09-16 19:41:31,2026-09-16 20:22:00,2429,1867.0,562.0,402,663,295,4092.8,13,5,76.86,87.15,90.41,9.6,43.71,NORMAL WORK,1,0.12,0,2026-09-16 20:22:00
DEMO-1062,2026-09-11 18:55:31,2026-09-11 19:39:17,2626,1165.6,1460.4,750,346,312,19305.9,36,8,44.39,68.91,76.75,36.63,72.48,FRAGMENTED WORK,1,0.28,0,2026-09-11 19:39:17
DEMO-1063,2026-09-03 04:18:31,2026-09-03 05:01:24,2573,1757.2,815.8,1011,205,620,27858.3,19,6,68.29,82.38,81.05,14.46,62.69,EXPLORATION,1,0.12,0,2026-09-03 05:01:24
DEMO-1064,2026-09-03 02:51:31,2026-09-03 04:15:48,5057,3730.3,1326.7,566,704,245,6984.1,17,4,73.77,86.08,93.19,10.19,24.37,NORMAL WORK,1,0.12,0,2026-09-03 04:15:48
DEMO-1065,2026-09-09 10:07:31,2026-09-09 10:44:40,2229,1090.0,1139.0,396,337,339,17127.7,51,6,48.9,68.97,84.35,35.0,59.01,FRAGMENTED WORK,1,0.28,0,2026-09-09 10:44:40
DEMO-1066,2026-09-03 22:54:31,2026-09-03 23:49:30,3299,2380.4,918.6,493,523,243,5122.8,13,4,72.16,85.12,94.81,11.2,31.73,NORMAL WORK,1,0.12,0,2026-09-03 23:49:30
DEMO-1067,2026-09-06 02:40:31,2026-09-06 03:46:07,3936,3808.4,127.6,710,2003,96,9890.0,4,2,96.76,98.14,85.7,1.23,44.25,DEEP WORK,1,0.12,0,2026-09-06 03:46:07
DEMO-1068,2026-09-11 06:20:31,2026-09-11 07:49:40,5349,4929.8,419.2,898,2437,155,15806.3,8,2,92.16,95.72,85.69,2.71,42.48,DEEP WORK,1,0.12,0,2026-09-11 07:49:40
DEMO-1069,2026-09-16 00:07:31,2026-09-16 01:05:24,3473,2976.8,496.2,518,1901,67,14653.0,6,2,85.71,92.45,81.39,4.82,50.11,DEEP WORK,1,0.12,0,2026-09-16 01:05:24
DEMO-1070,2026-09-13 21:38:31,2026-09-13 22:34:23,3352,784.8,2567.2,48,55,37,1766.6,5,2,23.41,61.34,65.61,82.26,10.7,IDLE,1,0.12,0,2026-09-13 22:34:23
